<beans xmlns="http://www.springframework.org/schema/beans"
xmlns:mvc="http://www.springframework.org/schema/mvc"
xmlns:xsi="http://www.w3.org/2001/XMLSchema-instance"
xmlns:websocket="http://www.springframework.org/schema/websocket"
xmlns:context="http://www.springframework.org/schema/context"
xmlns:cache="http://www.springframework.org/schema/cache"
xmlns:p="http://www.springframework.org/schema/p"
xmlns:aop="http://www.springframework.org/schema/aop"
xsi:schemaLocation="
http://www.springframework.org/schema/beans
http://www.springframework.org/schema/beans/spring-beans.xsd
http://www.springframework.org/schema/mvc 
http://www.springframework.org/schema/mvc/spring-mvc.xsd
http://www.springframework.org/schema/context
http://www.springframework.org/schema/context/spring-context.xsd
http://www.springframework.org/schema/websocket
 http://www.springframework.org/schema/cache 
 http://www.springframework.org/schema/cache/spring-cache.xsd
 http://www.springframework.org/schema/websocket/spring-websocket.xsd
 http://www.springframework.org/schema/aop
 http://www.springframework.org/schema/aop/spring-aop.xsd">
   <mvc:annotation-driven /> 
   <import resource="classpath:CacheXML.xml" />       
	<!-- <context:property-placeholder 	location="classpath:application.properties" />  -->
	<context:component-scan base-package="com.acecad.controller" />
 <!-- SIT -->
<bean id="dataSource" class="org.springframework.jndi.JndiObjectFactoryBean">
		<property name="jndiName" value="ACE_CAD_JNDI_SIT" />

		<!-- <bean id="dataSource" class="org.springframework.jndi.JndiObjectFactoryBean">
		<property name="jndiName" value="ACE_CAD_JNDI_DEV" />  -->
<!-- LOCAL-->
		<!-- <bean id="dataSource" class="org.springframework.jndi.JndiObjectFactoryBean">
		<property name="jndiName" value="ACE_CAD_JNDI" /> --> 
<!-- PROD-->
		<!-- <bean id="dataSource" class="org.springframework.jndi.JndiObjectFactoryBean">
		<property name="jndiName" value="ACE_CAD_JNDI_PROD" /> -->
	</bean>  
    <bean id="jdbcTemplate" class="org.springframework.jdbc.core.JdbcTemplate">  
<property name="dataSource" ref="dataSource"></property>  
</bean>  
<!-- <bean id="user" class="com.airtel.login.model.User" scope="request">
	</bean>  -->
<!-- 	<bean id="loginService" class="com.airtel.login.service.LoginService" scope="request">
	</bean>  -->
	
 
    <bean id="cacheManager" class="org.springframework.cache.support.SimpleCacheManager">
        <property name="caches">
            <set>
                <bean
                  class="org.springframework.cache.concurrent.ConcurrentMapCacheFactoryBean"
                  name="getMenuDetails"/>
            </set>
        </property>
    </bean>
    <bean id="transactionManager" class="org.springframework.jdbc.datasource.DataSourceTransactionManager">
      <property name="dataSource"  ref="dataSource" />    
   </bean>
   
<!--    Srikanth(30th Mar'15
 
  
     
     <bean id="user"
          class="com.airtel.login.model.User" scope="request">
          </bean>
          <bean id="ldapAuthenticationResultObj"
          class="com.airtel.login.model.LDAPAuthenticationResult"/>
              <bean id="sessionattribute"
          class="com.airtel.login.util.SessionAttributes" scope="session">
           <aop:scoped-proxy proxy-target-class="false" />
           </bean>
              
                  <bean id="menu"
          class="com.airtel.login.model.Menu"/>
          
		
 -->
 <bean id="activityLogDao" class="com.airtel.acecad.UtilityJar.ActivityLog" >
	<constructor-arg>
			<ref bean="dataSource" />
		</constructor-arg>
		<property name="transactionManager"  ref="transactionManager" />  
		</bean>
 <bean id="userdao"
          class="com.airtel.login.dao.UserDAOImpl" >
          </bean>
            <bean id="loginService"
          class="com.airtel.login.service.LoginServiceImpl" >
          </bean>
              <bean id="userMenu" class="com.airtel.login.util.UserMenu">  
</bean>
<bean id="menuDao" class="com.airtel.login.dao.MenuDao"></bean>
<bean id="ldapauthenticate" class="com.airtel.login.util.LDAPAuthentication"></bean>
<!-- Concurrent Session Configuration -->
<!-- 
<bean id="sessionRegistry" class="org.springframework.security.core.session.SessionRegistryImpl"/>
<bean id="sessionAuthenticationStrategy" class="org.springframework.security.web.authentication.session.CompositeSessionAuthenticationStrategy">
    <constructor-arg>
        <list>
            <bean class="org.springframework.security.web.authentication.session.ConcurrentSessionControlAuthenticationStrategy">
                <constructor-arg ref="sessionRegistry"/>
                <property name="maximumSessions" value="1" />
                <property name="exceptionIfMaximumExceeded" value="true" />
            </bean>
            <bean class="org.springframework.security.web.authentication.session.SessionFixationProtectionStrategy">
            </bean>
            <bean class="org.springframework.security.web.authentication.session.RegisterSessionAuthenticationStrategy">
                <constructor-arg ref="sessionRegistry"/>
            </bean>
        </list>
    </constructor-arg>
</bean>
 <bean id="concurrencyFilter" class="org.springframework.security.web.session.ConcurrentSessionFilter">
    <constructor-arg index="0" ref="sessionRegistry"/>
    <constructor-arg index="1" value="/session-expired.htm"/>       
</bean> -->
<!-- End of Concurrent Session Configuration -->

<bean id="sessionHandler" class="com.airtel.login.util.SessionHandler">
</bean>

</beans>