<?xml version="1.0" encoding="UTF-8"?>
<beans xmlns="http://www.springframework.org/schema/beans"
	xmlns:context="http://www.springframework.org/schema/context"
	xmlns:xsi="http://www.w3.org/2001/XMLSchema-instance" xmlns:mvc="http://www.springframework.org/schema/mvc"
	xsi:schemaLocation="
 http://www.springframework.org/schema/beans
 http://www.springframework.org/schema/beans/spring-beans-4.0.xsd
 http://www.springframework.org/schema/context
 http://www.springframework.org/schema/context/spring-context-4.0.xsd
 http://www.springframework.org/schema/mvc
 http://www.springframework.org/schema/mvc/spring-mvc-4.0.xsd">
	<context:component-scan base-package="com.airtel.acecad.reports.controller" />
	<mvc:annotation-driven />
	<bean id="dataSource" class="org.springframework.jndi.JndiObjectFactoryBean">

		<property name="jndiName" value="ACE_CAD_JNDI" />
	</bean>

	<bean id="transactionManager"
		class="org.springframework.jdbc.datasource.DataSourceTransactionManager">
		<property name="dataSource" ref="dataSource" />
	</bean>

	
	<!-- Adding new bean classes for Reports -->

	<bean id="ReportManagementDAO" class="com.airtel.acecad.reports.dao.ReportManagementDAOImpl">
		<constructor-arg>
			<ref bean="dataSource" />
		</constructor-arg>
		<property name="transactionManager" ref="transactionManager" />
	</bean>
	<bean id="jasperReportGenerator" class="com.airtel.acecad.reports.dto.JasperReportGenerator"></bean>

</beans>