<?xml version="1.0" encoding="UTF-8"?>
<beans xmlns="http://www.springframework.org/schema/beans"
	xmlns:mvc="http://www.springframework.org/schema/mvc" xmlns:xsi="http://www.w3.org/2001/XMLSchema-instance"
	xmlns:context="http://www.springframework.org/schema/context"
	xsi:schemaLocation="http://www.springframework.org/schema/beans
	http://www.springframework.org/schema/beans/spring-beans-4.1.xsd
	http://www.springframework.org/schema/mvc 
	http://www.springframework.org/schema/mvc/spring-mvc.xsd
	http://www.springframework.org/schema/context
	http://www.springframework.org/schema/context/spring-context-4.1.xsd">
	<mvc:annotation-driven />
	<context:component-scan base-package="com.airtel.payment.*" />


	<bean id="userPaymentDAO" class="com.airtel.payment.dao.UserPaymentDAOImpl">
		</bean>
	
	<bean id="userObj" class="com.airtel.payment.model.CustomerDetails">
		</bean>
		<bean id="invoiceObj" class="com.airtel.payment.model.InvoiceDetails">
		</bean>

<bean id="invoiceFetchImpl" class="com.airtel.payment.service.InvoiceFetchImpl">
		</bean>
</beans>