<?xml version="1.0" encoding="UTF-8"?>
<beans xmlns="http://www.springframework.org/schema/beans"
	xmlns:mvc="http://www.springframework.org/schema/mvc" xmlns:xsi="http://www.w3.org/2001/XMLSchema-instance"
	xmlns:context="http://www.springframework.org/schema/context"
	xsi:schemaLocation="http://www.springframework.org/schema/beans
	http://www.springframework.org/schema/beans/spring-beans-4.1.xsd
	http://www.springframework.org/schema/mvc 
	http://www.springframework.org/schema/mvc/spring-mvc.xsd
	http://www.springframework.org/schema/context
	http://www.springframework.org/schema/context/spring-context-4.1.xsd">
	<mvc:annotation-driven />
	<context:component-scan base-package="com.acecad.liu.controller" />
	

<!-- 	<bean id="dataSource" class="org.springframework.jndi.JndiObjectFactoryBean">
		<property name="jndiName" value="ACE_CAD_JNDI" />
	</bean> -->

<!-- 
		<bean id="logDetailsObj" class="com.acecad.model.LogDetails">
		</bean>
		
		
		 -->
		
	<!-- 	<bean id="liuDaoObj" class="com.acecad.liu.dao.LIUDaoImpl">
			<constructor-arg>
			<ref bean="dataSource" />
		</constructor-arg>
		</bean> -->
	<!-- 	<bean id="liuDetailsObj" class="com.acecad.liu.model.LIUDetails">
		</bean> -->
		
	<!-- 	<bean id="activityLogDaoObj" class="com.acecad.liu.dao.ActivityLogDaoImpl">
		<constructor-arg>
			<ref bean="dataSource" />
		</constructor-arg>
		</bean>
		<bean id="activityLogDetailsObj" class="com.acecad.liu.model.ActivityLogDetails">
			
		</bean> -->
		
			<bean id="activityDao" class="com.airtel.acecad.UtilityJar.ActivityLog">
			<constructor-arg>
			<ref bean="dataSource" />
		</constructor-arg>
		</bean>
		
		
		
		<bean id="transactionManager" class="org.springframework.jdbc.datasource.DataSourceTransactionManager">
      <property name="dataSource"  ref="dataSource" />    
	</bean>
	
		<bean id="liuRecordsDaoObj" class="com.acecad.liu.dao.LIURecordsDaoIMPL">
		<constructor-arg>
			<ref bean="dataSource" />
		</constructor-arg>
		
			<property name="transactionManager"  ref="transactionManager" />   
		
	      </bean>

		
		
		<bean id="liuRecordDetailsObj" class="com.acecad.liu.model.LIURecordDetails">
			
		</bean>
	
   
		

	

</beans>