<?xml version="1.0" encoding="UTF-8"?>
<beans xmlns="http://www.springframework.org/schema/beans"
	xmlns:mvc="http://www.springframework.org/schema/mvc" xmlns:xsi="http://www.w3.org/2001/XMLSchema-instance"
	xmlns:context="http://www.springframework.org/schema/context"
	xsi:schemaLocation="http://www.springframework.org/schema/beans
	http://www.springframework.org/schema/beans/spring-beans-4.1.xsd
	http://www.springframework.org/schema/mvc 
	http://www.springframework.org/schema/mvc/spring-mvc.xsd
	http://www.springframework.org/schema/context
	http://www.springframework.org/schema/context/spring-context-4.1.xsd">
	<mvc:annotation-driven />
	<context:component-scan base-package="com.acecad.bulkupload.controller" />
	

<bean id="transactionManager" class="org.springframework.jdbc.datasource.DataSourceTransactionManager">
      <property name="dataSource"  ref="dataSource" />    
   </bean>
		<!-- <context:property-placeholder
		location="file:${ACE_CAD_SRC_FILES_HOME}/conf/bulk_upload.properties" />
		 -->
		 
		 	<!-- <context:property-placeholder location="classpath:bulk_upload.properties" /> -->


	<!--  <bean id="bulkDao" class="com.acecad.dao.BulkDaoImpl">
		<constructor-arg>
			<ref bean="dataSource" />
		</constructor-arg>
	</bean>   -->
	
	<bean id="bulkDao" class="com.acecad.bulkupload.dao.BulkDaoImpl">
	<constructor-arg>
			<ref bean="dataSource" />
		</constructor-arg>
			<property name="transactionManager"  ref="transactionManager" /> 
		</bean>
		<bean id="excelReader" class="com.airtel.acecad.bulkupload.uploadfile.ExcelReader">
	</bean>
		<bean id="activityLogDao" class="com.airtel.acecad.UtilityJar.ActivityLog">
	<constructor-arg>
			<ref bean="dataSource" />
		</constructor-arg>
		<property name="transactionManager"  ref="transactionManager" />  
		</bean>
		<bean class="com.acecad.bulkupload.model.PaymentTransferDTO" id="paymentTransferDTO"> </bean>
		
		<!-- <bean id="fileDetailsObj" class="com.acecad.bulkupload.model.FileDetails">
		</bean> -->



			<bean id="bulkutil" class="com.acecad.bulkupload.util.BulkUtil">
		</bean>
		
		<!-- <bean id="invoiceObj" class="com.acecad.model.InvoiceDetails">
		</bean> 
 -->
	

</beans>