<?xml version="1.0" encoding="UTF-8"?>
<beans xmlns="http://www.springframework.org/schema/beans"
	xmlns:mvc="http://www.springframework.org/schema/mvc" xmlns:xsi="http://www.w3.org/2001/XMLSchema-instance"
	xmlns:context="http://www.springframework.org/schema/context"
	xsi:schemaLocation="http://www.springframework.org/schema/beans
	http://www.springframework.org/schema/beans/spring-beans-4.1.xsd
	http://www.springframework.org/schema/mvc 
	http://www.springframework.org/schema/mvc/spring-mvc.xsd
	http://www.springframework.org/schema/context
	http://www.springframework.org/schema/context/spring-context-4.1.xsd">
	
	
<context:annotation-config />
 
   <mvc:annotation-driven /> 
  <context:component-scan base-package="com.acecad.bulkupload.controller.transfer_icrm.controller" /> 
 

 <bean id="TransferIcrmDaoObj" class="com.acecad.bulkupload.dao.TransferIcrmDaoImpl">
 <constructor-arg>
  <ref bean="dataSource" /> 
  </constructor-arg>
  </bean>
</beans>