<?xml version="1.0" encoding="UTF-8"?>
<beans xmlns="http://www.springframework.org/schema/beans"
	xmlns:mvc="http://www.springframework.org/schema/mvc" xmlns:xsi="http://www.w3.org/2001/XMLSchema-instance"
	xmlns:context="http://www.springframework.org/schema/context"
	xsi:schemaLocation="http://www.springframework.org/schema/beans
	http://www.springframework.org/schema/beans/spring-beans-4.1.xsd
	http://www.springframework.org/schema/mvc 
	http://www.springframework.org/schema/mvc/spring-mvc.xsd
	http://www.springframework.org/schema/context
	http://www.springframework.org/schema/context/spring-context.xsd">

 
   <mvc:annotation-driven /> 
  <context:component-scan base-package="com.acecad.reports.controller" /> 


 <bean id="ReportsDaoObj" class="com.acecad.reports.daoImpl.ReportsDaoImpl">
 <constructor-arg>
  <ref bean="dataSource" /> 
  </constructor-arg>
  </bean> 
  <bean id="paymentAdviceDaoObj" class=" com.acecad.reports.daoImpl.PaymentAdviceDaoImpl">
		<constructor-arg>
			<ref bean="dataSource" />
		</constructor-arg>
		
			<property name="transactionManager"  ref="transactionManager" />   
		
	      </bean>
	       <bean id="paymentIcrmDaoObj" class="com.acecad.reports.daoImpl.PaymentICRMDaoImpl">
 <constructor-arg>
  <ref bean="dataSource" /> 
  </constructor-arg>
  </bean> 
</beans>

