<?xml version="1.0" encoding="UTF-8"?>
<beans xmlns="http://www.springframework.org/schema/beans"
	xmlns:mvc="http://www.springframework.org/schema/mvc" xmlns:xsi="http://www.w3.org/2001/XMLSchema-instance"
	xmlns:context="http://www.springframework.org/schema/context"
	xsi:schemaLocation="http://www.springframework.org/schema/beans
	http://www.springframework.org/schema/beans/spring-beans.xsd
	http://www.springframework.org/schema/mvc 
	http://www.springframework.org/schema/mvc/spring-mvc.xsd
	http://www.springframework.org/schema/context
	http://www.springframework.org/schema/context/spring-context.xsd">
	<mvc:annotation-driven />
	<context:component-scan base-package="com.airtel.ace.cad.paymentadvice.*" />
	
<!-- 	<bean id="dataSource" class="org.springframework.jndi.JndiObjectFactoryBean">
		<property name="jndiName" value="ACE_CAD_JNDI" />
	</bean>
 -->
	<bean id="paymentAdviceDAOObj"
		class="com.airtel.ace.cad.paymentadvice.dao.PaymentAdviceDAOImpl">
		<constructor-arg>
			<ref bean="dataSource" />
		</constructor-arg>
	</bean>
	<bean id="multipartResolver"
    class="org.springframework.web.multipart.commons.CommonsMultipartResolver">
</bean>
<bean id="excelReader" class="com.airtel.acecad.bulkupload.uploadfile.ExcelReader">
	</bean>

<bean id="paymentAdviceUtility" class="com.airtel.ace.cad.paymentadvice.utility.PaymentAdviceUtility">
	</bean>

<bean id="applicationContextProvder" class="com.airtel.ace.cad.paymentadvice.context.ApplicationContextProvider"/>
<bean id="aesChequeUtility" class="com.airtel.ace.cad.paymentadvice.utility.AESChequeUtility"/>
<bean id="aesAdviceDaoObj"
		class="com.airtel.ace.cad.paymentadvice.dao.AesAdviceDaoImpl">
		<constructor-arg>
			<ref bean="dataSource" />
		</constructor-arg>
	</bean>
</beans>