<?xml version="1.0" encoding="UTF-8"?>
<beans xmlns="http://www.springframework.org/schema/beans"
	xmlns:mvc="http://www.springframework.org/schema/mvc" xmlns:xsi="http://www.w3.org/2001/XMLSchema-instance"
	xmlns:context="http://www.springframework.org/schema/context"
	xsi:schemaLocation="http://www.springframework.org/schema/beans
	http://www.springframework.org/schema/beans/spring-beans.xsd
	http://www.springframework.org/schema/mvc 
	http://www.springframework.org/schema/mvc/spring-mvc.xsd
	http://www.springframework.org/schema/context
	http://www.springframework.org/schema/context/spring-context.xsd">
	<mvc:annotation-driven />
	<context:component-scan base-package="com.airtel.ace.cad.paymentadvice.controller" />
	

<!-- 	<bean id="dataSource" class="org.springframework.jndi.JndiObjectFactoryBean">
		<property name="jndiName" value="ACE_CAD_JNDI" />
	</bean> -->

	<!--  <bean id="bulkDao" class="com.acecad.dao.BulkDaoImpl">
		<constructor-arg>
			<ref bean="dataSource" />
		</constructor-arg>
	</bean>   -->
	<!-- 
	 -->

		<bean id="activityLog" class="com.airtel.acecad.UtilityJar.ActivityLog">
		<constructor-arg>
		<ref bean="dataSource" />
	</constructor-arg>
		</bean>
			<!-- <bean id="vendorDetailsObj" class="com.acecad.usermanagement.model.VendorDetails">
		</bean> -->
		
		<!-- <bean id="invoiceObj" class="com.acecad.model.InvoiceDetails">
		</bean> 
 -->
	

	<bean id="transactionManager" class="org.springframework.jdbc.datasource.DataSourceTransactionManager">
      <property name="dataSource"  ref="dataSource" />    
	</bean>
   

	
	<!-- <bean id="usermanagementdao" class="com.acecad.usermanagement.dao.UserManagementDAOImpl">
	<constructor-arg>
		<ref bean="dataSource" />
	</constructor-arg>
	
	<property name="transactionManager"  ref="transactionManager" />   
		
	</bean>    -->
	
	<bean id="approvaldao" class="com.airtel.ace.cad.paymentadvice.dao.ApprovalDAOImpl">
	
	<!-- <constructor-arg>
		<ref bean="dataSource" />
	</constructor-arg>
 -->	
	<!-- <property name="transactionManager"  ref="transactionManager" />  -->  
		
	</bean>  
	<bean id="aesapprovaldao" class="com.airtel.ace.cad.paymentadvice.dao.AESApprovalDAOImpl">
	</bean> 
</beans>